{"regions":[{"boundingBox":{"top_row":0.01704975962638855,"left_col":0.30115729570388794,"bottom_row":0.5440113544464111,"right_col":0.6927796006202698},"faceDetection":{"name":"laurence fishburne","probability":0.6980896139144897}}]}