{"status":"success","detectionData":[{"boundingBox":{"top_row":0.30461907386779785,"left_col":0.6341743469238281,"bottom_row":0.48833250999450684,"right_col":0.7730703353881836},"faceDetection":{"name":"colin farrell","probability":0.9807074069976807}},{"boundingBox":{"top_row":0.274842232465744,"left_col":0.19561554491519928,"bottom_row":0.45811015367507935,"right_col":0.3466489315032959},"faceDetection":{"name":"brendan gleeson","probability":0.6594178676605225}}]}