{"regions":[{"boundingBox":{"top_row":0.18254879117012024,"left_col":0.6207000017166138,"bottom_row":0.4253017008304596,"right_col":0.8168405294418335},"faceDetection":{"name":"jamie foxx","probability":0.5514197874069214}},{"boundingBox":{"top_row":0.24233199656009674,"left_col":0.17894354462623596,"bottom_row":0.45129749178886414,"right_col":0.333374947309494},"faceDetection":{"name":"beyonce knowles","probability":0.9721983671188354}}]}