{"status":"success","detectionData":[{"boundingBox":{"top_row":0.04806023836135864,"left_col":0.20037443935871124,"bottom_row":0.6414846181869507,"right_col":0.6362011432647705},"faceDetection":{"name":"carrie-anne moss","probability":0.5401135206222534}}]}